INSERT INTO movie_genre (genre_idx, genre)
VALUES
(1,'범죄'),
(2,'액션'),
(3,'드라마'),
(4,'로맨스'),
(5,'다큐멘터리'),
(6,'sf'),
(7,'스릴러'),
(8,'코미디'),
(9,'어드벤쳐'),
(10,'애니메이션'),
(11,'호러'),
(12,'가족'),
(13,'멜로');

INSERT INTO theater_info(theater_idx,theater_name,theater_address)
VALUES
(1,'신촌 아트레온','서울특별시 서대문구 신촌로 129 2층'),
(2,'메가박스 신촌','서울특별시 서대문구 신촌역로 30 밀리오레 5층'),
(3,'아트하우스 모모','서울시 서대문구 이화여대길 52 이화여대 ECC B402 아트하우스 모모');

INSERT INTO movie_info(movie_idx, movie_title, director, main_actor, genre_idx, running_time)
VALUES
(1,'신의 한 수 - 귀수편','리건','권상우',1,106,'gods.jpg','http://localhost/posters/gods.jpg'),
(2,'모리스','제임스 아이보리','휴 그랜트',3,140,'maurice.jpg','http://localhost/posters/maurice.jpg'),
(3,'왓 데이 해드','엘리자베스 촘코','힐러리 스웽크',3,101,'whattheyhad.jpg','http://localhost/posters/whattheyhad.jpg'),
(4,'타이페이 스토리','에드워드 양','허우 샤오시엔',3,119,'taipei.jpg','http://localhost/posters/taipei.jpg'),
(5,'우먼 인 할리우드','톰 도나휴','지나 데이비스',5,96,'womaninhollywood.jpg','http://localhost/posters/womaninhollywood.jpg'),
(6,'하이 라이프','클레어 드니','로버트 패틴슨',6,112,'highlife.jpg','http://localhost/posters/highlife.jpg'),
(7,'경계선','알리 아바시','에바 멜란데르',1,110,'border.jpg','http://localhost/posters/border.jpg'),
(8,'메기','이옥섭','이주영',8,89,'maggie.jpg','http://localhost/posters/maggie.jpg'),
(9,'벌새','김보라','박지후',3,138,'hummingbird.jpg','http://localhost/posters/hummingbird.jpg'),
(10,'82년생 김지영','김도영','정유미',3,118,'kimjiyoung.jpg','http://localhost/posters/kimjiyoung.jpg'),
(11,'터미네이터 - 다크 페이트','팀 밀러','맥켄지 데이비스',2,128,'terminator.jpg','http://localhost/posters/terminator.jpg'),
(12,'날씨의 아이','신카이 마코토','모리 나나',10,112,'weather.jpg','http://localhost/posters/weather.jpg'),
(13,'닥터 슬립','마이크 플래너건','이완 맥그리거',7,151,'doctorsleep.jpg','http://localhost/posters/doctorsleep.jpg'),
(14,'킬 빌 - 1부','쿠엔틴 타란티노','우마 서먼',2,110,'killbill1.jpg','http://localhost/posters/killbill1.jpg'),
(15,'조커','토드 필립스','와킨 피닉스',7,123,'jocker.jpg','http://localhost/posters/jocker.jpg'),
(16,'더 빌리지','입델하미드 부크닉','야스민 디마씨',11,114,'thevillage.jpg','http://localhost/posters/thevillage.jpg'),
(17,'저수지의 개들','쿠엔틴 타란티노','하비 케이틀',2,99,'reservoirdogs.jpg','http://localhost/posters/reservoirdogs.jpg'),
(18,'장고-분노의 추적자','쿠엔틴 타란티노','제이미 폭스',2,165,'django.jpg','http://localhost/posters/django.jpg'),
(19,'겨울 왕국 2','크리스 벅','크리스틴 벨',10,103,'frozen2.jpg','http://localhost/posters/frozen2.jpg'),
(20,'아담스 패밀리','그렉 티어넌','샤를리즈 테론',10,87,'adams.jpg','http://localhost/posters/adams.jpg'),
(21,'말레피센트 2','요아킴 뢰닝','안젤리나 졸리',9,119,'maleficent.jpg','http://localhost/posters/maleficent.jpg'),
(22,'열여섯의 봄','바이 슈에','황야오',3,100,'sixteen.jpg','http://localhost/posters/sixteen.jpg'),
(23,'신이 맺어준 인연','아딧야 초프라','샤룩 칸',4,138,'matchmade.jpg','http://localhost/posters/matchmade.jpg');

INSERT INTO menu_info (theater_idx, menu_id, price, description)
VALUES
(1,'CGV콤보',8900,'팝콘(L)1+탄산음료(M)2'),
(1,'더블콤보',11900,'팝콘(M)2+탄산음료(M)2'),
(1,'스몰세트',6200,'팝콘(M)1+탄산음료(M)1'),
(1,'라지콤보',13900,'팝콘(L)2+탄산음료(L)2'),
(1,'GOURMET콤보',9900,'고메팝콘(L)1+탄산음료(M)2'),
(1,'GOURMET더블콤보',12400,'고메팝콘(M)2+탄산음료(M)2'),
(1,'고소팝콘(L)',5000, NULL),
(1,'달콤팝콘(L)',6000, NULL),
(1,'더블치즈 팝콘(L)',6000, NULL),
(1,'바질어니언 팝콘(L)',6000, NULL),
(1,'더블초콜렛 팝콘(L)',6500, NULL),
(1,'카라멜&치즈 믹스팝콘(L)',6000, NULL),
(1,'바질어니언 팝콘(M)',5500, NULL),
(1,'더블치즈 팝콘(M)',5500, NULL),
(1,'고소팝콘(M)',4500, NULL),
(1,'달콤팝콘(M)',5500, NULL),
(1,'크리미카라멜 팝콘(L)',6000, NULL),
(1,'리얼치즈 팝콘(L)',6000, NULL),
(1,'스위트랜치 팝콘(L)',6500, NULL),
(1,'카라멜&치즈 믹스팝콘(M)',4500, NULL),
(1,'크리미카라멜 팝콘(M)',4500, NULL),
(1,'리얼치즈 팝콘(M)',4500, NULL),
(1,'스위트랜치 팝콘(M)',5000, NULL),
(1,'더블초콜렛 팝콘(M)',5000, NULL),
(1,'탄산음료(M)',2200, NULL),
(1,'자몽에이드(L)',4500, NULL),
(1,'아메리카노(HOT)',3500, NULL),
(1,'아메리카노(ICE)',4000, NULL),
(1,'블루베리에이드(M)',3500, NULL),
(1,'자몽에이드(M)',3500, NULL),
(1,'오렌지에이드(M)',3500, NULL),
(1,'아이스티(M)',3500, NULL),
(1,'탄산음료(L)',2700, NULL),
(1,'오렌지에이드(L)',4500, NULL),
(1,'블루베리에이드(L)',4500, NULL),
(1,'크리미갈릭핫도그',4500, NULL),
(1,'즉석구이오징어(몸통)',5000, NULL),
(1,'칠리치즈나쵸',4500, NULL),
(1,'죠스튀김범벅',4500, NULL),
(1,'즉석구이오징어(왕다리)',5000, NULL),
(1,'치즈볼',4500, NULL),
(1,'스쿨푸드 스팸계란말이',4500,NULL),
(1,'플레인핫도그',4000,NULL),
(1,'칠리치즈핫도그',4500,NULL),
(1,'맛밤',3500,NULL),
(1,'오징어(완제품)',3500,NULL),
(2,'통살치킨콤보',12000,'팝콘(R) 1 + 탄산(R) 2 + 통살후라이드 or 그릴핫치킨'),
(2,'후라이드콤보',14000,'팝콘(R) 1 + 탄산음료(R) 2 + 순살치킨or치킨앤칩스or포테이토 1'),
(2,'즉석구이콤보',12000,'팝콘(R) 1 + 탄산음료(R) 2 + 즉석구이오징어 몸 or 다리 1'),
(2,'반반에이드콤보',12500,'반반팝콘(L) 1 + 에이드 2'),
(2,'더블콤보',11500,'팝콘(R) 2 + 탄산음료(R) 2'),
(2,'핫도그콤보',11000,'팝콘(R) 1 + 탄산음료(R) 2 + 핫도그 1'),
(2,'스트링치즈프랫즐콤보',12000,'팝콘(R) 1 + 탄산음료(R) 2 + 스트링치즈프랫즐 1'),
(2,'나쵸콤보',11000,'팝콘(R) 1 + 탄산음료(R) 2 + 나쵸 1'),
(2,'팝콘L',5000,NULL),
(2,'팝콘R',4500,NULL),
(2,'즉석구이 오징어(몸/다리)',5500,NULL),
(2,'즉석구이 오징어(몸+다리)',9000,NULL),
(2,'핫도그(오리지널, 칠리)',4500,NULL),
(2,'나쵸',4000,NULL),
(2,'프랫즐',3500,NULL),
(2,'음료R',2000,NULL),
(2,'음료L',2500,NULL),
(2,'에이드',4500,NULL),
(2,'생수',1000,NULL);

INSERT INTO screen_info(theater_idx, movie_idx)
VALUES
(1,1),
(1,10),
(1,11),
(1,12),
(1,2),
(1,13),
(1,14),
(1,15),
(1,5),
(1,16),
(2,1),
(2,10),
(2,12),
(2,13),
(2,20),
(2,15),
(2,21),
(2,22),
(3,2),
(3,3),
(3,4),
(3,5),
(3,6),
(3,7),
(3,8),
(3,9),
(3,10);

INSERT INTO movie_review(movie_idx, movie_rating, gender,age)
VALUES
(1,9.01,'m',30),
(2,8.63,'f',30),
(3,10,'f',40),
(4,8.33,'m',20),
(5,9.47,'f',20),
(6,8.5,'m',30),
(7,8.09,'f',30),
(8,8.75,'f',20),
(9,8.99,'f',20),
(10,9.29,'f',20),
(11,8.66,'m',30),
(12,8.27,'m',20),
(13,9.02,'m',30),
(14,8.27,'m',20),
(15,9,'m',20),
(16,5.62,'f',30),
(17,8.3,'m',20),
(18,8.49,'m',20),
(19,9.2,'f',20),
(20,8.64,'f',30),
(21,8.59,'f',20),
(22,6.33,'m',20),
(23,8.72,'m',30);

INSERT INTO admin_info(admin_idx, admin_id, admin_pw, theater_idx)
VALUES
(1,'artadmin','artadminpw',1),
(2,'megaadmin','megaadminpw',2),
(3,'momoadmin','momoadminpw',3);

INSERT INTO user_info(info_idx, user_id, genre_idx, birth, gender, email)
VALUES
(1,'ewha01',7,970811,'f','indigopyj@ewhain.net'),
(2,'ewha02',11,971227,'f','brazentoken@gmail.com'),
(3,'ewha03',4,970813,'f','soyeoni0813@gmail.com'),
(4, 'ewha04', 4, 011206, 'f', 'hello@naver.com'),
(5, 'ewha05', 2, 990721, 'f', 'hello1@naver.com'),
(6, 'ewha06', 8, 900201, 'f', 'hello2@naver.com'),
(7, 'ewha07', 13, 990721, 'f', 'hello3@naver.com'),
(8, 'ewha08', 12, 940111, 'f', 'hello4@naver.com'),
(9, 'ewha09', 9, 981003, 'f', 'hello5@naver.com'),
(10, 'ewha10', 4, 000404, 'f', 'hello6@naver.com'),
(11, 'ewha11', 5, 940505, 'f', 'hello7@naver.com'),
(12, 'ewha12', 6, 970815, 'f', 'hello8@naver.com'),
(13, 'ewha13', 7, 990612, 'f', 'hello9@naver.com');


INSERT INTO user_login(user_idx, user_id, user_pw)
VALUES
(1,'ewha01','ewha01pw'),
(2,'ewha02','ewha02pw'),
(3,'ewha03','ewha03pw'),
(4, 'ewha04', 'ewha04pw'),
(5, 'ewha05', 'ewha05pw'),
(6, 'ewha06', 'ewha06pw'),
(7, 'ewha07', 'ewha07pw'),
(8, 'ewha08', 'ewha08pw'),
(9, 'ewha09', 'ewha09pw'),
(10, 'ewha10', 'ewha10pw'),
(11, 'ewha11', 'ewha11pw'),
(12, 'ewha12', 'ewha12pw'),
(13, 'ewha13', 'ewha13pw');

INSERT INTO user_review(review_idx, user_idx, user_id, movie_idx, movie_title, movie_rating, movie_review)
VALUES
(1, 1, 'ewha01', 10, '82년생 김지영', 10, '감동적이고 슬픈 영화입니다. 강추합니다.'),
(2, 1, 'ewha01', 19, '겨울 왕국 2', 8.9, '엘사와 안나는 역시 멋있습니다.'),
(3, 1, 'ewha01', 13, '닥터 슬립', 5, '샤이닝 때 그 애기가 이렇게 크다니..'),
(4, 1, 'ewha01', 11, '터미네이터 - 다크 페이트', 6, '터미네이터는 역시 아윌비백..'),
(5, 2, 'ewha02', 23, '신이 맺어준 인연', 9.9, '아주 감동적이고 마음을 녹이는 영화였습니다.'),
(6, 2, 'ewha02', 15, '조커', 4, '저도 계단에 가보고 싶습니다.'),
(7, 2, 'ewha02', 19, '겨울 왕국 2', 9, '영화 시작할때 둘이 소꿉놀이하는 내용이 영화내용임.'),
(8, 2, 'ewha02', 5, '우먼 인 할리우드', 7, '또 보고싶네요.'),
(9, 3, 'ewha03', 2, '모리스', 6.9, '재밌네요.'),
(10, 3, 'ewha03', 21, '말레피센트 2', 7, '전작만 못한데 재미는 있네요.'),
(11, 3, 'ewha03', 15, '조커', 6, '역시 레전드 조커는 다크나이트 조커입니다.'),
(12, 3, 'ewha03', 11, '터미네이터 - 다크 페이트', 3.8, '터미네이터는 레전드입니다.');